identifier,best_affinity_kcal_mol,runtime_seconds
CNP0000179.1,-5.782,55.2
CNP0000481.0,-4.485,8.1
CNP0000498.0,-4.651,4.8
CNP0001141.0,-4.622,4.7
CNP0002551.0,-3.671,7.9
CNP0002558.0,-4.361,3.9
CNP0002681.0,-5.107,93.5
CNP0002810.0,-4.588,8.4
CNP0002880.2,-5.8,42.8
CNP0003127.0,-5.053,58.0
CNP0004165.1,-5.291,35.3
CNP0006960.0,-6.73,9.0
CNP0007509.0,-5.486,37.1
CNP0009483.0,-4.673,15.8
CNP0009894.0,-6.937,43.2
CNP0010697.1,-5.821,26.7
CNP0012401.1,-7.189,125.2
CNP0012762.1,-6.322,39.8
CNP0012768.1,-5.678,179.6
CNP0012819.1,-6.059,90.0
CNP0015312.1,-6.7,81.7
CNP0017878.1,-4.441,11.4
CNP0028182.0,-6.413,10.9
CNP0029319.0,-3.856,8.8
CNP0031886.2,-6.52,38.0
CNP0032690.0,-7.001,44.8
CNP0033628.0,-6.421,37.3
CNP0034186.0,-4.26,6.2
CNP0035382.4,-6.064,7.0
CNP0036237.0,-4.379,5.3
CNP0040136.0,-5.857,49.1
CNP0043166.0,-4.431,5.3
CNP0044216.1,-6.556,75.0
CNP0046119.0,-5.133,12.4
CNP0046663.0,-4.338,5.5
CNP0046877.0,-4.631,11.8
CNP0048666.3,-6.939,14.6
CNP0050017.0,-6.339,9.3
CNP0052569.0,-3.906,6.0
CNP0057121.1,-5.884,135.9
CNP0057156.1,-7.786,58.8
CNP0060412.2,-4.49,9.6
CNP0061244.0,-4.705,6.4
CNP0065073.1,-4.518,12.3
CNP0065586.0,-5.441,7.0
CNP0067099.1,-4.866,80.0
CNP0068366.1,-5.153,12.4
CNP0068852.0,-5.144,55.4
CNP0069103.1,-6.98,140.1
CNP0070284.1,-5.854,15.7
CNP0071185.1,-6.385,40.3
CNP0071334.1,-4.763,41.2
CNP0071487.1,-8.392,35.1
CNP0072275.2,-7.578,89.2
CNP0073174.0,-5.761,41.2
CNP0073685.1,-4.713,30.0
CNP0075322.0,-4.515,6.6
CNP0075379.0,-3.776,7.8
CNP0075809.1,-5.427,9.1
CNP0075914.1,-6.237,24.5
CNP0077273.0,-4.61,6.3
CNP0077944.1,-5.918,9.8
CNP0081604.1,-6.344,66.3
CNP0084192.0,-4.641,6.6
CNP0085480.0,-6.817,13.1
CNP0085700.1,-6.301,8.1
CNP0085979.0,-7.008,9.1
CNP0086772.0,-7.962,29.6
CNP0087319.1,-4.022,21.5
CNP0087845.1,-7.021,63.0
CNP0088043.0,-5.906,23.3
CNP0088268.1,-4.94,8.3
CNP0089619.1,-6.009,143.3
CNP0091102.0,-4.764,9.0
CNP0092248.1,-8.245,239.9
CNP0094084.0,-3.336,7.2
CNP0096096.1,-6.847,143.1
CNP0097100.1,-5.259,101.4
CNP0097924.1,-6.052,74.4
CNP0098724.1,-5.464,43.5
CNP0099605.1,-6.942,79.3
CNP0101842.1,-5.671,52.3
CNP0102021.1,-8.261,198.4
CNP0102652.3,-5.458,235.4
CNP0104532.0,-7.127,9.7
CNP0105560.0,-5.475,28.6
CNP0106028.1,-5.317,8.0
CNP0106375.0,-4.469,5.6
CNP0107760.1,-6.123,36.3
CNP0107867.1,-7.262,50.1
CNP0110117.1,-5.251,47.5
CNP0112710.0,-4.426,5.6
CNP0112980.1,-4.637,26.0
CNP0113202.2,-5.956,27.0
CNP0113834.1,-6.945,71.3
CNP0114554.1,-5.895,12.7
CNP0116935.2,-5.563,7.1
CNP0117886.0,-4.631,6.3
CNP0118609.1,-5.297,5.8
CNP0120239.1,-6.545,73.2
CNP0121885.0,-5.579,77.1
CNP0122260.0,-5.858,61.9
CNP0122722.1,-4.407,23.2
CNP0123907.0,-6.809,104.9
CNP0124341.0,-5.387,25.2
CNP0124409.1,-3.916,5.6
CNP0125903.1,-5.865,16.6
CNP0126871.0,-4.211,16.1
CNP0127612.1,-5.807,9.7
CNP0129653.1,-5.732,48.5
CNP0129805.1,-6.155,5.4
CNP0130367.2,-6.278,68.1
CNP0131577.0,-8.379,64.3
CNP0133994.1,-5.539,13.4
CNP0134384.1,-3.62,3.5
CNP0134961.0,-7.579,62.4
CNP0135908.1,-5.971,16.5
CNP0136172.7,-8.454,73.6
CNP0137383.1,-6.456,44.4
CNP0138901.1,-5.291,15.8
CNP0141498.0,-4.511,5.8
CNP0143049.2,-6.283,198.6
CNP0143068.1,-5.617,29.4
CNP0143719.0,-6.166,33.5
CNP0144904.1,-4.566,12.7
CNP0145202.0,-3.929,3.9
CNP0145902.1,-4.715,8.6
CNP0148466.1,-6.082,90.2
CNP0149035.2,-5.227,175.1
CNP0150355.1,-4.551,46.8
CNP0152000.1,-5.8,58.9
CNP0153262.0,-5.107,5.1
CNP0156787.1,-5.959,11.9
CNP0158815.3,-5.57,63.6
CNP0158837.0,-4.167,17.5
CNP0159351.2,-4.665,28.4
CNP0160205.1,-5.007,5.5
CNP0160377.0,-3.362,3.0
CNP0162635.1,-6.528,25.6
CNP0163197.0,-4.512,6.9
CNP0163368.2,-5.506,17.6
CNP0163421.0,-7.352,25.8
CNP0164638.1,-6.273,29.7
CNP0164945.1,-6.188,11.8
CNP0165782.1,-6.537,236.3
CNP0166394.0,-4.471,5.9
CNP0166473.1,-4.094,8.3
CNP0167038.1,-6.98,64.8
CNP0167574.1,-5.374,132.7
CNP0167861.2,-7.286,11.7
CNP0167912.0,-6.989,53.3
CNP0167980.0,-5.346,17.9
CNP0168261.2,-6.049,26.9
CNP0169744.0,-7.928,123.6
CNP0173360.1,-6.177,10.6
CNP0173635.1,-7.308,69.6
CNP0174187.0,-5.662,13.2
CNP0174667.1,-4.579,18.6
CNP0175548.0,-6.926,12.6
CNP0176699.0,-5.531,15.3
CNP0176844.2,-5.387,41.7
CNP0176963.3,-6.567,62.6
CNP0181547.0,-5.258,24.6
CNP0181825.2,-4.293,113.3
CNP0181940.1,-5.844,86.3
CNP0182937.1,-4.958,11.7
CNP0183457.0,-5.151,24.0
CNP0183690.1,-5.503,23.2
CNP0184242.2,-5.444,83.4
CNP0185151.1,-6.801,17.1
CNP0187032.1,-5.766,9.7
CNP0187347.1,-5.726,46.4
CNP0187390.0,-6.204,17.6
CNP0189678.2,-4.97,9.6
CNP0190450.0,-5.263,11.0
CNP0190805.1,-6.924,16.0
CNP0196094.0,-6.801,49.2
CNP0196399.0,-7.223,16.7
CNP0197220.1,-6.383,82.8
CNP0198723.1,-5.249,11.3
CNP0198945.1,-6.345,11.5
CNP0200592.0,-3.485,3.0
CNP0200922.1,-6.462,29.2
CNP0201224.0,-5.026,8.9
CNP0201242.0,-5.366,33.3
CNP0201336.2,-5.671,93.7
CNP0201925.2,-5.449,37.6
CNP0202144.1,-3.538,5.4
CNP0203103.1,-4.687,81.0
CNP0203720.7,-5.655,40.4
CNP0204409.2,-4.671,13.9
CNP0204715.1,-6.347,23.0
CNP0205148.2,-5.335,42.3
CNP0206759.1,-5.249,16.5
CNP0208479.2,-3.769,5.9
CNP0210062.1,-6.915,34.3
CNP0210405.2,-5.782,21.8
CNP0211949.1,-6.184,50.1
CNP0213225.1,-5.782,6.6
CNP0213479.1,-4.942,27.8
CNP0216158.1,-5.437,80.1
CNP0216738.1,-8.004,25.2
CNP0219147.1,-6.115,8.4
CNP0219379.1,-3.671,6.7
CNP0220352.1,-7.544,34.3
CNP0220702.0,-5.671,65.7
CNP0221455.0,-3.63,47.1
CNP0221997.1,-5.061,60.7
CNP0222609.2,-6.862,15.2
CNP0224183.1,-6.51,49.1
CNP0225353.2,-4.871,16.4
CNP0227814.2,-6.652,27.2
CNP0231352.2,-5.84,21.4
CNP0232675.1,-6.147,43.3
CNP0233288.2,-4.598,16.4
CNP0234782.1,-5.97,211.2
CNP0238205.0,-8.571,105.4
CNP0239902.4,-6.266,23.0
CNP0240302.0,-4.157,4.9
CNP0241081.1,-5.216,13.6
CNP0242182.1,-4.83,16.1
CNP0242638.1,-5.04,213.0
CNP0243577.1,-6.154,42.2
CNP0244044.1,-5.832,6.1
CNP0244600.0,-4.862,54.4
CNP0247000.1,-6.742,163.7
CNP0247201.1,-6.607,151.2
CNP0248062.1,-6.723,18.1
CNP0250917.1,-5.362,34.2
CNP0251225.3,-5.054,10.5
CNP0251608.1,-4.851,32.1
CNP0251739.2,-6.7,57.8
CNP0252331.3,-5.176,57.4
CNP0253568.1,-5.53,48.5
CNP0253821.1,-8.839,52.4
CNP0253847.1,-6.912,18.8
CNP0254126.0,-4.187,7.4
CNP0256628.1,-5.48,36.3
CNP0257369.0,-5.819,21.1
CNP0257795.2,-7.465,57.1
CNP0258540.1,-6.12,149.9
CNP0258607.1,-5.656,83.0
CNP0258688.0,-4.748,3.8
CNP0258843.1,-6.799,36.2
CNP0260515.2,-5.812,237.3
CNP0261723.0,-6.369,10.9
CNP0262082.0,-7.409,22.0
CNP0262288.1,-7.048,35.3
CNP0262593.1,-6.174,149.0
CNP0262669.2,-4.868,20.3
CNP0263090.4,-4.94,27.5
CNP0263210.1,-5.744,50.6
CNP0263318.2,-5.811,10.2
CNP0263778.0,-4.137,4.8
CNP0263785.2,-6.086,29.4
CNP0263908.2,-4.974,4.7
CNP0263999.1,-6.756,16.5
CNP0265629.0,-6.355,36.8
CNP0265792.1,-5.151,12.2
CNP0265883.0,-3.686,5.0
CNP0266277.0,-4.965,6.3
CNP0266445.0,-3.673,14.3
CNP0267020.2,-6.975,16.5
CNP0267126.1,-6.659,66.9
CNP0267772.1,-6.371,9.6
CNP0267816.1,-6.721,43.8
CNP0267992.0,-4.546,4.9
CNP0268933.1,-6.674,21.5
CNP0269120.1,-6.751,25.1
CNP0270431.1,-7.176,41.9
CNP0270590.2,-4.804,49.2
CNP0270732.1,-7.251,61.5
CNP0270807.4,-4.779,5.6
CNP0271264.0,-5.075,14.9
CNP0272401.8,-7.005,25.5
CNP0274169.1,-6.068,12.5
CNP0276625.0,-6.4,62.4
CNP0277315.1,-5.418,37.2
CNP0277606.1,-6.997,51.1
CNP0280027.1,-5.681,33.8
CNP0280113.1,-6.217,23.6
CNP0283177.1,-5.458,58.8
CNP0283416.0,-4.572,4.3
CNP0283580.1,-4.962,30.6
CNP0284037.1,-7.494,41.3
CNP0284067.1,-6.094,9.2
CNP0284335.1,-6.929,77.7
CNP0284685.2,-5.467,8.0
CNP0285228.1,-7.301,89.4
CNP0285318.3,-6.511,33.6
CNP0285914.3,-4.262,20.0
CNP0286080.2,-5.078,12.1
CNP0286503.4,-4.629,8.7
CNP0286847.2,-6.373,52.5
CNP0286937.1,-4.937,69.0
CNP0287138.1,-6.975,36.2
CNP0287953.1,-6.286,19.0
CNP0288650.1,-6.825,149.5
CNP0288810.1,-5.486,16.2
CNP0289196.0,-5.495,20.7
CNP0290038.1,-4.94,8.5
CNP0290200.1,-6.765,48.9
CNP0292087.0,-6.349,62.1
CNP0292683.0,-6.404,50.4
CNP0292906.1,-5.906,29.4
CNP0292926.1,-6.556,217.3
CNP0293150.1,-5.512,149.5
CNP0293746.0,-7.735,18.1
CNP0294000.1,-6.7,22.9
CNP0294301.1,-6.156,14.5
CNP0294601.1,-7.554,22.8
CNP0298393.1,-6.852,22.4
CNP0298725.1,-6.354,77.1
CNP0298907.0,-4.44,4.7
CNP0299013.1,-5.96,21.4
CNP0300944.1,-5.306,12.7
CNP0301074.1,-6.317,18.8
CNP0304114.1,-7.198,18.7
CNP0304509.1,-6.234,30.5
CNP0305594.0,-4.773,5.5
CNP0306676.1,-5.667,28.3
CNP0307334.0,-4.562,59.3
CNP0307339.0,-8.124,31.6
CNP0308481.1,-5.934,16.9
CNP0309628.1,-5.579,114.3
CNP0309700.1,-6.422,17.3
CNP0309717.1,-7.266,86.7
CNP0309954.0,-7.11,14.0
CNP0311151.0,-6.228,31.4
CNP0312086.0,-5.143,5.0
CNP0312227.0,-4.343,9.8
CNP0313806.1,-5.779,25.6
CNP0315998.1,-5.714,36.5
CNP0316701.0,-6.871,69.9
CNP0317366.1,-4.599,15.4
CNP0320904.1,-5.256,54.9
CNP0321260.1,-5.572,17.4
CNP0321337.1,-6.436,6.9
CNP0322207.1,-6.226,26.3
CNP0322242.0,-4.09,8.4
CNP0322525.1,-6.081,6.5
CNP0324053.1,-4.989,38.1
CNP0325688.1,-6.1,20.3
CNP0325789.1,-6.502,20.4
CNP0326665.1,-4.682,10.7
CNP0327918.1,-6.503,44.3
CNP0328076.0,-4.002,6.1
CNP0328213.1,-6.273,46.3
CNP0328307.1,-6.776,62.9
CNP0328423.1,-5.751,24.8
CNP0328849.1,-6.529,21.6
CNP0328851.0,-6.393,10.5
CNP0329726.1,-7.075,8.6
CNP0329948.1,-6.258,139.8
CNP0330454.1,-6.944,150.6
CNP0331846.2,-5.162,20.5
CNP0332773.1,-7.038,58.8
CNP0333157.1,-6.48,122.8
CNP0333786.1,-5.011,15.4
CNP0334333.0,-5.108,15.9
CNP0334448.1,-7.06,31.3
CNP0334842.0,-5.909,75.8
CNP0335388.1,-7.727,146.6
CNP0335735.0,-3.802,11.5
CNP0335990.0,-5.414,11.6
CNP0337896.0,-4.084,5.3
CNP0338160.0,-3.298,10.6
CNP0338901.3,-6.676,67.4
CNP0339010.3,-6.265,73.6
CNP0340804.1,-4.79,66.3
CNP0342437.0,-4.741,8.0
CNP0342514.1,-6.384,33.6
CNP0342532.1,-4.983,5.6
CNP0342546.0,-6.546,78.2
CNP0342766.0,-7.694,24.4
CNP0343289.0,-8.732,186.3
CNP0343364.1,-5.738,72.6
CNP0343698.2,-6.21,15.1
CNP0344047.0,-5.578,18.3
CNP0344800.1,-6.88,156.0
CNP0344851.0,-4.453,5.9
CNP0345146.0,-6.924,17.9
CNP0345195.0,-4.64,7.1
CNP0345660.0,-7.724,22.3
CNP0345757.0,-8.131,119.4
CNP0346284.1,-6.681,69.1
CNP0346286.0,-5.645,18.9
CNP0346415.1,-6.741,34.5
CNP0346821.1,-6.332,50.8
CNP0347140.1,-6.75,15.1
CNP0347939.1,-6.117,28.7
CNP0349253.0,-6.448,43.8
CNP0349528.1,-6.335,69.3
CNP0349605.0,-4.755,7.0
CNP0350179.0,-4.285,116.0
CNP0351754.1,-4.592,11.1
CNP0352521.1,-6.431,15.3
CNP0354096.0,-4.345,4.5
CNP0354631.2,-7.042,168.1
CNP0354668.1,-7.278,290.9
CNP0355614.1,-4.741,17.6
CNP0356328.1,-4.441,41.7
CNP0356385.1,-6.722,114.5
CNP0357356.1,-7.52,85.7
CNP0357483.0,-5.056,8.2
CNP0357867.1,-5.191,108.8
CNP0360209.0,-7.171,92.3
CNP0361423.4,-5.644,20.3
CNP0361831.0,-7.136,108.8
CNP0361945.4,-7.157,104.1
CNP0362387.1,-5.113,27.7
CNP0362727.1,-4.711,14.9
CNP0363284.1,-6.981,50.0
CNP0365946.4,-5.501,25.2
CNP0366480.1,-6.856,17.0
CNP0368255.0,-4.362,6.2
CNP0368674.1,-4.664,8.2
CNP0368768.1,-7.599,21.4
CNP0369981.1,-6.351,243.0
CNP0370701.2,-6.098,22.5
CNP0373030.1,-6.599,18.0
CNP0373990.2,-5.147,20.9
CNP0374284.1,-7.595,30.3
CNP0376192.1,-5.427,47.2
CNP0378121.1,-7.235,16.5
CNP0378324.1,-5.832,10.2
CNP0379619.2,-4.718,102.4
CNP0381361.0,-5.721,10.3
CNP0382681.1,-4.697,8.8
CNP0383594.1,-6.326,212.7
CNP0383885.0,-7.25,26.4
CNP0386303.1,-5.932,33.7
CNP0386414.0,-4.209,4.0
CNP0386869.0,-4.941,18.5
CNP0387584.1,-6.979,33.2
CNP0389085.1,-5.144,20.8
CNP0389872.0,-4.554,5.6
CNP0389920.1,-6.353,59.7
CNP0392583.1,-5.989,17.3
CNP0395465.0,-5.829,33.9
CNP0397182.1,-5.488,10.3
CNP0398728.1,-6.205,51.1
CNP0401624.1,-7.618,27.6
CNP0403214.0,-5.157,20.4
CNP0404493.2,-7.79,62.1
CNP0406014.0,-6.358,8.3
CNP0406191.0,-6.398,15.6
CNP0406293.1,-3.924,6.9
CNP0411181.1,-5.008,9.5
CNP0412296.0,-7.533,64.1
CNP0412799.1,-6.835,13.5
CNP0414061.1,-5.551,20.2
CNP0416314.1,-6.647,195.7
CNP0417205.1,-6.524,28.4
CNP0417750.0,-6.373,25.6
CNP0418506.0,-6.186,12.6
CNP0421383.2,-5.491,12.8
CNP0423677.1,-6.978,92.8
CNP0423831.1,-7.536,112.1
CNP0425271.1,-6.857,102.2
CNP0425672.1,-5.462,11.7
CNP0426943.1,-7.887,22.4
CNP0427275.1,-6.776,42.4
CNP0428306.0,-5.475,7.6
CNP0428515.1,-5.731,146.8
CNP0428586.1,-7.827,18.7
CNP0428769.1,-6.139,28.0
CNP0428794.1,-5.373,14.1
CNP0428852.0,-6.481,12.7
CNP0429432.1,-6.166,30.6
CNP0430222.1,-6.498,48.7
CNP0430255.1,-7.195,65.0
CNP0430959.1,-6.917,91.1
CNP0430980.0,-6.808,108.3
CNP0431627.1,-5.188,223.9
CNP0432088.2,-5.415,33.0
CNP0433126.1,-6.35,223.9
CNP0434138.1,-6.354,165.3
CNP0434251.1,-6.569,25.8
CNP0435015.0,-5.779,18.5
CNP0436699.1,-4.726,9.6
CNP0437535.0,-7.365,51.6
CNP0437887.0,-7.581,27.9
CNP0439494.1,-6.636,95.4
CNP0440027.1,-6.031,58.5
CNP0440578.1,-6.599,50.9
CNP0441979.0,-4.769,5.8
CNP0442068.0,-6.099,35.2
CNP0443182.1,-6.207,116.4
CNP0443307.0,-4.999,30.2
CNP0443556.1,-5.597,25.4
CNP0444001.0,-6.092,13.1
CNP0444707.0,-6.12,15.2
CNP0445140.1,-5.367,229.2
CNP0445227.0,-6.11,17.9
CNP0446937.0,-4.472,7.0
CNP0450582.1,-4.971,32.4
CNP0450591.0,-6.882,21.9
CNP0451571.0,-4.513,46.8
CNP0452034.0,-4.405,13.8
CNP0452806.3,-5.047,22.4
CNP0453177.1,-8.082,31.4
CNP0453909.1,-5.593,29.2
CNP0455382.1,-7.668,90.0
CNP0455920.1,-6.396,42.4
CNP0458406.0,-4.618,6.7
CNP0460949.2,-7.13,148.4
CNP0460991.0,-3.41,38.9
CNP0461222.2,-6.303,22.9
CNP0461802.2,-6.905,62.4
CNP0461824.1,-6.616,39.6
CNP0461847.0,-4.312,105.0
CNP0463007.2,-5.938,41.7
CNP0463080.2,-6.073,24.7
CNP0464450.1,-5.708,40.1
CNP0465194.0,-5.444,16.0
CNP0466069.1,-5.016,63.4
CNP0467281.2,-7.318,16.9
CNP0468987.1,-6.628,33.1
CNP0469506.1,-4.722,8.6
CNP0470505.0,-6.045,8.8
CNP0471385.3,-5.003,12.0
CNP0471405.1,-4.642,11.9
CNP0471652.0,-6.719,42.2
CNP0472359.1,-6.145,57.1
CNP0473943.1,-7.466,235.2
CNP0475234.1,-6.782,30.6
CNP0475545.0,-4.011,60.4
CNP0475646.1,-7.507,112.1
CNP0477351.1,-4.683,11.0
CNP0478004.1,-5.789,80.9
CNP0478794.1,-6.08,101.2
CNP0478949.0,-7.694,45.3
CNP0479057.0,-4.526,28.5
CNP0479615.1,-4.452,13.6
CNP0479694.1,-7.107,39.2
CNP0481338.0,-6.228,51.0
CNP0482120.0,-3.204,3.7
CNP0482924.1,-6.599,37.1
CNP0482940.0,-3.73,6.5
CNP0483210.0,-7.076,38.2
CNP0483698.0,-5.839,67.7
CNP0483734.3,-5.0,71.3
CNP0484036.0,-7.337,22.2
CNP0484133.0,-5.546,8.2
CNP0486200.0,-4.759,6.3
CNP0487793.1,-5.117,30.0
CNP0488531.1,-6.761,31.4
CNP0489126.1,-8.643,51.7
CNP0490192.1,-6.459,52.4
CNP0490876.1,-6.829,80.6
CNP0491827.0,-7.294,50.4
CNP0491966.1,-7.794,69.5
CNP0494059.1,-6.524,151.8
CNP0494468.0,-3.659,12.7
CNP0494509.0,-5.619,16.9
CNP0496599.1,-5.842,51.1
CNP0496915.0,-6.103,29.4
CNP0497206.1,-6.602,86.1
CNP0497449.1,-5.623,19.0
CNP0499309.0,-5.825,29.2
CNP0499544.0,-4.081,37.0
CNP0499736.1,-7.466,12.5
CNP0501171.1,-6.309,23.9
CNP0501212.0,-6.869,18.2
CNP0502469.1,-6.229,13.6
CNP0502952.1,-7.932,71.1
CNP0503975.1,-6.066,26.0
CNP0504897.0,-5.874,82.0
CNP0506214.1,-5.537,41.9
CNP0506349.1,-4.35,21.2
CNP0506633.0,-6.908,28.9
CNP0506779.0,-5.645,40.8
CNP0507990.1,-4.264,6.9
CNP0508235.0,-5.858,55.0
CNP0508687.2,-4.242,4.5
CNP0508915.1,-6.66,52.4
CNP0509222.0,-6.226,109.1
CNP0509930.0,-3.458,18.0
CNP0510172.1,-6.823,138.5
CNP0511550.1,-6.403,31.9
CNP0513042.0,-4.638,10.8
CNP0514329.0,-6.887,31.8
CNP0515136.1,-5.515,33.2
CNP0515354.1,-5.586,61.4
CNP0515594.1,-6.522,201.5
CNP0515695.0,-6.719,110.4
CNP0517048.1,-5.862,20.7
CNP0517422.0,-4.931,15.6
CNP0517718.0,-7.283,43.7
CNP0518270.0,-3.692,4.2
CNP0518608.1,-6.605,48.3
CNP0519603.1,-4.948,74.9
CNP0519672.1,-7.458,27.8
CNP0520965.1,-6.786,80.2
CNP0521905.0,-7.192,27.2
CNP0522228.0,-6.224,6.9
CNP0522262.0,-4.646,17.3
CNP0523570.0,-4.847,8.8
CNP0524315.0,-6.415,12.9
CNP0524390.1,-5.7,9.3
CNP0524412.0,-6.619,43.5
CNP0524964.1,-6.791,17.8
CNP0525519.0,-5.139,16.9
CNP0526097.1,-5.511,113.2
CNP0526147.0,-5.35,7.5
CNP0526346.1,-6.833,135.1
CNP0526383.0,-7.033,104.0
CNP0526504.1,-8.578,67.9
CNP0526610.1,-6.677,107.5
CNP0527181.1,-6.988,138.3
CNP0528081.1,-6.421,18.5
CNP0528286.0,-5.449,15.8
CNP0528647.1,-6.216,35.0
CNP0528981.1,-6.73,94.5
CNP0529226.0,-3.951,5.4
CNP0530048.0,-7.33,85.6
CNP0530580.1,-6.752,129.5
CNP0531833.0,-5.768,51.2
CNP0531900.0,-8.303,26.1
CNP0531965.1,-7.886,27.6
CNP0532021.1,-5.421,15.6
CNP0532176.0,-5.948,100.5
CNP0532182.1,-6.222,83.3
CNP0533313.0,-4.379,7.4
CNP0534663.0,-5.177,7.3
CNP0535460.1,-5.896,26.6
CNP0536076.1,-6.736,13.1
CNP0536557.1,-8.064,29.3
CNP0537224.1,-6.655,82.3
CNP0537591.1,-6.732,62.9
CNP0538327.0,-8.055,178.7
CNP0538532.0,-4.877,9.2
CNP0538535.0,-6.623,12.7
CNP0539396.1,-7.79,28.5
CNP0539879.1,-6.688,40.1
CNP0540149.1,-5.938,61.0
CNP0540370.1,-5.893,10.3
CNP0540432.1,-6.75,33.3
CNP0540443.0,-5.637,9.5
CNP0540499.0,-6.641,21.8
CNP0540798.0,-6.466,30.9
CNP0541308.0,-6.15,37.2
CNP0541829.0,-4.47,13.8
CNP0542242.0,-4.844,6.5
CNP0542401.0,-6.941,93.4
CNP0545853.1,-6.549,62.9
CNP0546206.1,-5.991,13.7
CNP0546261.0,-5.055,15.8
CNP0546316.0,-4.576,9.5
CNP0546580.1,-4.782,7.4
CNP0546613.1,-5.309,18.7
CNP0546856.1,-5.197,42.7
CNP0546987.1,-4.725,32.9
CNP0547341.0,-5.216,13.0
CNP0548922.0,-6.808,34.9
CNP0549496.1,-8.039,87.3
CNP0550183.0,-6.513,15.2
CNP0550309.0,-5.919,23.8
CNP0550710.0,-5.085,5.2
CNP0551523.1,-7.133,164.9
CNP0552047.1,-4.047,8.4
CNP0552964.1,-4.444,10.8
CNP0553116.1,-6.603,56.4
CNP0553236.0,-5.052,22.8
CNP0554873.1,-5.055,51.8
CNP0554973.0,-4.162,5.6
CNP0555999.1,-5.763,26.8
CNP0556035.1,-6.094,168.2
CNP0556220.1,-7.118,86.0
CNP0556235.0,-5.989,42.8
CNP0556728.0,-5.537,103.1
CNP0556781.0,-6.788,26.1
CNP0557472.3,-7.401,49.8
CNP0558437.1,-7.153,37.4
CNP0558567.0,-8.9,18.0
CNP0558808.3,-5.351,69.1
CNP0559444.1,-5.736,54.3
CNP0559900.1,-6.06,128.9
CNP0560480.0,-7.917,85.1
CNP0560965.1,-4.881,8.2
CNP0562598.1,-6.935,228.0
CNP0563398.0,-6.143,22.2
CNP0563483.0,-5.402,20.1
CNP0563770.0,-5.641,8.6
CNP0564201.0,-4.754,159.8
CNP0564339.0,-5.487,9.7
CNP0566318.1,-5.417,27.8
CNP0567230.1,-5.157,55.1
CNP0568897.1,-4.294,28.2
CNP0568961.0,-5.768,20.4
CNP0569236.1,-6.325,25.3
CNP0569319.0,-6.017,104.2
CNP0569397.0,-7.268,59.3
CNP0569949.1,-8.051,53.7
CNP0571460.1,-5.195,77.0
CNP0572135.1,-4.632,8.7
CNP0572203.0,-4.778,30.6
CNP0572274.0,-7.127,100.8
CNP0572521.1,-5.032,32.1
CNP0572548.1,-5.878,36.6
CNP0573009.0,-5.349,48.5
CNP0573118.2,-6.335,66.6
CNP0573506.1,-5.009,35.1
CNP0573565.0,-6.846,119.8
CNP0573577.2,-6.004,109.1
CNP0573812.1,-6.305,99.4
CNP0573813.1,-6.713,81.2
CNP0574040.0,-6.018,76.7
CNP0574256.1,-6.85,13.6
CNP0574426.1,-6.33,22.3
CNP0575497.0,-6.361,63.0
CNP0576049.1,-6.114,29.3
CNP0576892.0,-4.244,23.0
CNP0577071.1,-7.054,77.6
CNP0577775.1,-5.627,43.8
CNP0577945.0,-7.762,58.8
CNP0578490.0,-3.115,4.6
CNP0578737.1,-5.607,161.9
CNP0579544.1,-5.413,16.0
CNP0580055.0,-6.222,78.2
CNP0581091.0,-5.317,13.0
CNP0581238.0,-5.426,9.5
CNP0581302.0,-5.842,47.9
CNP0581313.0,-6.007,16.9
CNP0581752.1,-7.304,60.3
CNP0582409.2,-7.522,136.4
CNP0583037.0,-7.104,106.3
CNP0583988.1,-5.667,39.4
CNP0584496.1,-7.753,136.6
CNP0584884.0,-5.404,123.0
CNP0585327.0,-6.763,37.1
CNP0585697.0,-6.711,31.2
CNP0586031.1,-5.913,62.1
CNP0586643.1,-6.219,43.1
CNP0587376.1,-7.815,241.4
CNP0587729.0,-6.138,23.1
CNP0587841.1,-4.769,65.5
CNP0587944.1,-5.075,124.0
CNP0588422.1,-7.889,19.1
CNP0588890.1,-5.475,119.4
CNP0589762.1,-6.74,22.5
CNP0590612.1,-5.505,27.4
CNP0591158.0,-6.935,21.9
CNP0591347.0,-4.868,14.3
CNP0591419.1,-7.202,35.8
CNP0591628.1,-5.612,46.2
CNP0593115.1,-5.56,95.3
CNP0593555.0,-5.355,28.0
CNP0593712.0,-4.792,11.0
CNP0594516.1,-8.301,25.6
CNP0598020.1,-4.876,11.8
CNP0598126.1,-8.004,108.5
CNP0598571.2,-5.845,10.8
CNP0598625.1,-6.03,9.7
CNP0598841.1,-7.074,60.5
CNP0598889.1,-3.912,10.8
CNP0599148.1,-6.368,153.8
CNP0599466.2,-5.764,34.9
CNP0600818.1,-5.492,87.8
CNP0601614.1,-5.856,107.8
CNP0601698.1,-5.625,67.0
CNP0602284.1,-6.633,146.9
CNP0602403.0,-6.347,34.8
CNP0602508.0,-5.779,11.4
CNP0602697.1,-4.0,14.6
CNP0602988.1,-6.549,74.4
CNP0603459.1,-7.029,26.2
CNP0604221.0,-6.722,25.8
CNP0604899.0,-3.808,11.5
CNP0605197.1,-7.281,93.8
CNP0605261.1,-7.19,40.7
CNP0605523.2,-4.564,22.1
CNP0605545.0,-5.074,28.6
CNP0606030.0,-4.859,42.2
CNP0608451.1,-4.891,19.0
CNP0608667.0,-7.196,113.3
CNP0608741.0,-5.949,23.0
CNP0608859.0,-5.357,37.5
CNP0608967.0,-6.153,29.2
CNP0609015.1,-6.119,98.3
CNP0609092.1,-7.191,91.0
CNP0609242.0,-6.244,64.1
CNP0609311.1,-5.347,23.6
CNP0609399.1,-6.772,75.1
CNP0609512.0,-5.246,6.8
CNP0610152.1,-5.979,39.0
CNP0610247.0,-6.509,9.9
CNP0610302.1,-8.997,71.4
CNP0610848.0,-4.714,16.6
CNP0610964.0,-4.975,13.6
CNP0611005.1,-4.169,36.6
CNP0611506.1,-5.97,16.4
CNP0612038.0,-4.235,6.2
CNP0612063.0,-6.466,27.1
